﻿<?xml version="1.0" encoding="utf-8"?>
<ServiceManifest Name="HealthMetrics.WebServicePkg" Version="1.0.0.0" xmlns="http://schemas.microsoft.com/2011/01/fabric" xmlns:xsd="http://www.w3.org/2001/XMLSchema" xmlns:xsi="http://www.w3.org/2001/XMLSchema-instance" ManifestId="70441db0-519f-49ed-bad5-5835aac60af1">
  <ServiceTypes>
    <StatelessServiceType ServiceTypeName="HealthMetrics.WebServiceType" />
  </ServiceTypes>
  <CodePackage Name="Code" Version="1.0.0.0">
    <EntryPoint>
      <ExeHost>
        <Program>HealthMetrics.WebService.exe</Program>
      </ExeHost>
    </EntryPoint>
  </CodePackage>
  <ConfigPackage Name="Config" Version="1.0.0.0" />
  <Resources>
    <Endpoints>
      <Endpoint Name="ServiceEndpoint" Type="Input" Protocol="http" Port="8081" />
    </Endpoints>
  </Resources>
</ServiceManifest>