﻿<?xml version="1.0" encoding="utf-8"?>
<ServiceManifest xmlns:xsd="http://www.w3.org/2001/XMLSchema" xmlns:xsi="http://www.w3.org/2001/XMLSchema-instance" Name="HealthMetrics.DoctorActorPkg" Version="1.0.0" xmlns="http://schemas.microsoft.com/2011/01/fabric" ManifestId="eead2ef9-3cd3-4c3b-93fe-09e309b1114d">
  <ServiceTypes>
    <StatefulServiceType ServiceTypeName="DoctorActorServiceType">
      <Extensions>
        <Extension Name="__GeneratedServiceType__" GeneratedId="f9a28501-294b-4fab-bc45-55ac1e8a1673|Volatile">
          <GeneratedNames xmlns="http://schemas.microsoft.com/2015/03/fabact-no-schema">
            <DefaultService Name="DoctorActorService" />
            <ServiceEndpoint Name="DoctorActorServiceEndpoint" />
            <ReplicatorEndpoint Name="DoctorActorServiceReplicatorEndpoint" />
            <ReplicatorConfigSection Name="DoctorActorServiceReplicatorConfig" />
            <ReplicatorSecurityConfigSection Name="DoctorActorServiceReplicatorSecurityConfig" />
            <StoreConfigSection Name="DoctorActorServiceLocalStoreConfig" />
          </GeneratedNames>
        </Extension>
      </Extensions>
    </StatefulServiceType>
  </ServiceTypes>
  <CodePackage Name="Code" Version="1.0.0">
    <EntryPoint>
      <ExeHost>
        <Program>HealthMetrics.DoctorActor.exe</Program>
      </ExeHost>
    </EntryPoint>
  </CodePackage>
  <ConfigPackage Name="Config" Version="1.0.0" />
  <Resources>
    <Endpoints>
      <Endpoint Name="DoctorActorServiceEndpoint" />
      <Endpoint Name="DoctorActorServiceReplicatorEndpoint" />
    </Endpoints>
  </Resources>
</ServiceManifest>