﻿<?xml version="1.0" encoding="utf-8"?>
<ServiceManifest xmlns:xsd="http://www.w3.org/2001/XMLSchema" xmlns:xsi="http://www.w3.org/2001/XMLSchema-instance" Name="HealthMetrics.BandActorPkg" Version="1.0.0" xmlns="http://schemas.microsoft.com/2011/01/fabric" ManifestId="b8b9a1e2-c158-4b6c-8fd2-86eaabe177bc">
  <ServiceTypes>
    <StatefulServiceType ServiceTypeName="BandActorServiceType">
      <Extensions>
        <Extension Name="__GeneratedServiceType__" GeneratedId="560b251b-b497-4e1b-bb73-7e2510895a9c|None">
          <GeneratedNames xmlns="http://schemas.microsoft.com/2015/03/fabact-no-schema">
            <DefaultService Name="BandActorService" />
            <ServiceEndpoint Name="BandActorServiceEndpoint" />
            <ReplicatorEndpoint Name="BandActorServiceReplicatorEndpoint" />
            <ReplicatorConfigSection Name="BandActorServiceReplicatorConfig" />
            <ReplicatorSecurityConfigSection Name="BandActorServiceReplicatorSecurityConfig" />
            <StoreConfigSection Name="BandActorServiceLocalStoreConfig" />
          </GeneratedNames>
        </Extension>
      </Extensions>
    </StatefulServiceType>
  </ServiceTypes>
  <CodePackage Name="Code" Version="1.0.0">
    <EntryPoint>
      <ExeHost>
        <Program>HealthMetrics.BandActor.exe</Program>
      </ExeHost>
    </EntryPoint>
  </CodePackage>
  <ConfigPackage Name="Config" Version="1.0.0" />
  <Resources>
    <Endpoints>
      <Endpoint Name="BandActorServiceEndpoint" />
      <Endpoint Name="BandActorServiceReplicatorEndpoint" />
    </Endpoints>
  </Resources>
</ServiceManifest>