﻿<?xml version="1.0" encoding="utf-8"?>
<ServiceManifest Name="HealthMetrics.CountyServicePkg" Version="1.0.0.0" xmlns="http://schemas.microsoft.com/2011/01/fabric" xmlns:xsd="http://www.w3.org/2001/XMLSchema" xmlns:xsi="http://www.w3.org/2001/XMLSchema-instance" ManifestId="e942e745-587f-4feb-b67e-92ccd79327ca">
  <ServiceTypes>
    <StatefulServiceType ServiceTypeName="HealthMetrics.CountyServiceType" HasPersistedState="true" />
  </ServiceTypes>
  <CodePackage Name="Code" Version="1.0.0.0">
    <EntryPoint>
      <ExeHost>
        <Program>HealthMetrics.CountyService.exe</Program>
      </ExeHost>
    </EntryPoint>
  </CodePackage>
  <ConfigPackage Name="Config" Version="1.0.0.0" />
  <Resources>
    <Endpoints>
      <Endpoint Name="ServiceEndpoint" Type="Input" Protocol="http" />
    </Endpoints>
  </Resources>
</ServiceManifest>